USE capstoneproject;

INSERT INTO alumni (alumniID, fName, lName, phone, email, DOB, gender)
VALUES
(201, 'Corey', 'Class', '6077224969', 'CClass@yahoo.com', '1976-05-05', 'M'),
(202, 'John', 'Davis', '3145245336', 'JDavis@yahoo.com', '1964-03-24', 'M'),
(203, 'Sybil', 'Hood', '7089572772', 'SHood@yahoo.com', '1976-02-14', 'F'),
(204, 'Benjamin', 'Jones', '7175492607', 'BJones@yahoo.com', '1975-03-09', 'M'),
(205, 'James', 'Inglis', '4192090851', 'JInglis@yahoo.com', '1972-06-01', 'M'),
(207, 'Adam', 'Hammond', '9199650676', 'AHammond@yahoo.com', '1973-10-22', 'M'),
(208, 'Christopher', 'Reynolds', '5016248522', 'CReynolds@yahoo.com', '1969-03-02', 'M'),
(209, 'Scott', 'Szukaitis', '5175469673', 'SSzukaitis@yahoo.com', '1976-09-22', 'M'),
(210, 'Jimmy', 'Taylor', '6622564145', 'JTaylor@yahoo.com', '1968-03-19', 'M'),
(211, 'Brandon', 'Wieme', '2187654141', 'BWieme@yahoo.com', '1974-11-28', 'M'),
(212, 'Douglas', 'Wood', '9138417208', 'DWood@yahoo.com', '1970-10-27', 'M'),
(213, 'Chad', 'Dolan', '6087443257', 'CDolan@yahoo.com', '1972-07-14', 'M'),
(214, 'Michael', 'Eggleton', '6155263824', 'MEggleton@yahoo.com', '1964-09-26', 'M'),
(215, 'Orlando', 'Ferrer-Montano', '6155251515', 'OFerrer-Montano@yahoo.com', '1958-05-17', 'M'),
(216, 'David', 'Simons', '7065950806', 'DSimons@yahoo.com', '1970-04-08', 'M'),
(217, 'Michael', 'Brasher', '6142928475', 'MBrasher@yahoo.com', '1973-11-04', 'M'),
(218, 'Kathy', 'Riggs', '5695757530', 'KRiggs@yahoo.com', '1964-10-16', 'F'),
(219, 'Timothy', 'Smith', '5123894826', 'TSmith@yahoo.com', '1967-11-02', 'M'),
(220, 'Bobby', 'Bond', '4788256354', 'BBond@yahoo.com', '1972-12-10', 'F'),
(229, 'Mark', 'Vrtiska', '4022281867', 'MVrtiska@yahoo.com', '1963-12-21', 'M'),
(231, 'Thomas', 'White', '6158767954', 'TWhite@yahoo.com', '1961-09-25', 'M'),
(233, 'Stephen', 'Wells', '2053320466', 'SWells@yahoo.com', '1949-09-21', 'M'),
(234, 'William', 'Wells', '6626842432', 'WWells@yahoo.com', '1957-02-21', 'M'),
(235, 'Ronald', 'Weitknecht', '9082864653', 'RWeitknecht@yahoo.com', '1962-05-04', 'M'),
(236, 'Jeffrey', 'Webb', '9017823545', 'JWebb@yahoo.com', '1961-04-29', 'M'),
(237, 'Keith', 'Weaver', '2153235030', 'KWeaver@yahoo.com', '1957-10-03', 'M'),
(238, 'Robert', 'Warden', '2058813387', 'RWarden@yahoo.com', '1948-09-02', 'M'),
(239, 'Thomas', 'Waldrop', '7066135714', 'TWaldrop@yahoo.com', '1970-06-20', 'M'),
(240, 'Scott', 'Walock', '8104741264', 'SWalock@yahoo.com', '1969-06-13', 'M'),
(241, 'Guy', 'Wagner', '2088435509', 'GWagner@yahoo.com', '1954-03-30', 'M'),
(242, 'Bobby', 'Wilson', '6626523402', 'BWilson@yahoo.com', '1942-10-28', 'M'),
(243, 'Timothy', 'Wilson', '5174312078', 'TWilson@yahoo.com', '1969-11-05', 'M'),
(245, 'Leah', 'Bray', '6018365480', 'LBray@yahoo.com', '1973-12-07', 'F'),
(246, 'John', 'Wolkonowski', '6157545591', 'JWolkonowski@yahoo.com', '1971-12-21', 'M'),
(247, 'John', 'Wooding', '9192749847', 'JWooding@yahoo.com', '1957-02-14', 'M'),
(248, 'Victoria', 'Woshner', '2173282159', 'VWoshner@yahoo.com', '1961-09-15', 'F'),
(249, 'Richard', 'Minnis', '6623242728', 'RMinnis@yahoo.com', '1966-04-24', 'M'),
(250, 'Sharon', 'Fuller', '8067447709', 'SFuller@yahoo.com', '1980-04-05', 'F'),
(251, 'Daniel', 'O Keefe', '9898287300', 'DO Keefe@yahoo.com', '1977-04-03', 'M'),
(252, 'Philip', 'Barbour', '6624554166', 'PBarbour@yahoo.com', '1950-12-19', 'M'),
(253, 'Brian', 'Dorr', '6623258215', 'BDorr@yahoo.com', '1963-04-25', 'M'),
(254, 'Jennifer', 'Kross', '5617322622', 'JKross@yahoo.com', '1976-01-29', 'F'),
(255, 'Sharyn', 'Hood', '4106614062', 'SHood@yahoo.com', '1976-05-31', 'F'),
(256, 'Ivan', 'Llerandi-Roman', '7875283462', 'ILlerandi-Roman@yahoo.com', '1978-04-04', 'M'),
(257, 'Brad', 'Holder', '6625136336', 'BHolder@yahoo.com', '1977-12-18', 'M'),
(258, 'Theresa', 'Childers', '9707265625', 'TChilders@yahoo.com', '1977-05-11', 'F'),
(259, 'Kevin', 'Brunke', '5738336489', 'KBrunke@yahoo.com', '1982-05-20', 'M'),
(260, 'Sabrina', 'Chandler', '2284758010', 'SChandler@yahoo.com', '1981-06-18', 'F'),
(261, 'Andrea', 'Cooper', '6622725078', 'ACooper@yahoo.com', '1981-04-26', 'F'),
(262, 'James', 'Havens', '6624645458', 'JHavens@yahoo.com', '1980-07-15', 'M'),
(263, 'Robert', 'Hayes', '8505545217', 'RHayes@yahoo.com', '1981-01-22', 'M'),
(264, 'Aaron', 'Pearse', '9702069132', 'APearse@yahoo.com', '1976-05-20', 'M'),
(265, 'Heather', 'Theel', '6307320149', 'HTheel@yahoo.com', '1980-01-03', 'F'),
(266, 'Lisa', 'Yager', '6015582931', 'LYager@yahoo.com', '1967-05-09', 'F'),
(268, 'Forrest', 'Wynne', '2019424064', 'FWynne@yahoo.com', '1960-08-17', 'M'),
(269, 'Jason', 'Yarbrough', '3345025317', 'JYarbrough@yahoo.com', '1973-10-21', 'M'),
(270, 'Gregory', 'Yarrow', '8646567370', 'GYarrow@yahoo.com', '1955-06-26', 'M'),
(274, 'Marcus', 'Spencer', '6018431385', 'MSpencer@yahoo.com', '1957-06-10', 'M'),
(275, 'Lynn', 'Stacey', '6155739338', 'LStacey@yahoo.com', '1964-08-18', 'F'),
(276, 'Charles', 'Staten', '4095648375', 'CStaten@yahoo.com', '1953-01-10', 'M'),
(277, 'Scott', 'Stephens', '5153362490', 'SStephens@yahoo.com', '1970-08-12', 'M'),
(278, 'Aberdeen', 'Stewart', '6623234286', 'AStewart@yahoo.com', '1956-05-15', 'M'),
(279, 'David', 'Straus', '5138633716', 'DStraus@yahoo.com', '1960-05-03', 'M'),
(280, 'Roy', 'Stonecypher', '2067486015', 'RStonecypher@yahoo.com', '1963-02-27', 'M'),
(282, 'John', 'Stys', '4122227674', 'JStys@yahoo.com', '1966-03-18', 'M'),
(283, 'Abdul Halim', 'Sulaiman', '6623236199', 'ASulaiman@yahoo.com', '1952-09-12', 'M'),
(284, 'Curtis', 'Summerlin', '6019565214', 'CSummerlin@yahoo.com', '1963-07-01', 'M'),
(285, 'Kevin', 'Sulliven', '2012331940', 'KSulliven@yahoo.com', '1965-12-26', 'M'),
(286, 'Perry', 'Sumner', '9193323578', 'PSumner@yahoo.com', '1956-06-09', 'M'),
(288, 'Willie', 'Tomlinson', '6013253133', 'WTomlinson@yahoo.com', '1950-07-11', 'M'),
(289, 'Randy', 'Tucker', '2148722684', 'RTucker@yahoo.com', '1955-05-19', 'M'),
(290, 'William', 'Uihlein', '6013239745', 'WUihlein@yahoo.com', '1962-05-03', 'M'),
(291, 'Jeffrey', 'Underwood', '6018683892', 'JUnderwood@yahoo.com', '1955-03-21', 'M'),
(293, 'Billy', 'Teels', '6623237296', 'BTeels@yahoo.com', '1947-10-15', 'M'),
(294, 'James', 'Tidwell', '6623237255', 'JTidwell@yahoo.com', '1955-09-02', 'M'),
(295, 'Pakorn', 'Unprasert', '6623258875', 'PUnprasert@yahoo.com', '1955-10-16', 'M'),
(296, 'Robert', 'Vanderhoof', '4147434937', 'RVanderhoof@yahoo.com', '1958-03-20', 'M'),
(297, 'Gomut', 'Unsrisong', '6623255593', 'GUnsrisong@yahoo.com', '1949-02-21', 'F'),
(299, 'Richard', 'Vanhoosen', '3144450609', 'RVanhoosen@yahoo.com', '1963-01-31', 'M'),
(300, 'Mark', 'Vrtiska', '4022281867', 'MVrtiska@yahoo.com', '1963-12-21', 'M'),
(301, 'Guy', 'Wagner', '2088435509', 'GWagner@yahoo.com', '1954-03-31', 'M'),
(303, 'Keith', 'Weaver', '2153235030', 'KWeaver@yahoo.com', '1957-10-03', 'M'),
(304, 'Bobby', 'Wilson', '6623238392', 'BWilson@yahoo.com', '1942-10-28', 'M'),
(305, 'Timothy', 'Wilson', '5174230898', 'TWilson@yahoo.com', '1969-11-05', 'M'),
(306, 'William', 'Wingo', '6013273262', 'WWingo@yahoo.com', '1953-02-17', 'M'),
(307, 'Leah', 'Bray', '6018365480', 'LBray@yahoo.com', '1973-12-07', 'F'),
(308, 'Brett', 'Wehrle', '6623243334', 'BWehrle@yahoo.com', '1965-01-21', 'M'),
(309, 'Alice', 'White', '6017462835', 'AWhite@yahoo.com', '1956-01-25', 'F'),
(310, 'Thomas', 'White', '6158767954', 'TWhite@yahoo.com', '1961-09-25', 'M'),
(311, 'John', 'Wooding', '9192749847', 'JWooding@yahoo.com', '1957-02-14', 'M'),
(312, 'Victoria', 'Woshner', '2173282159', 'VWoshner@yahoo.com', '1961-09-15', 'F'),
(313, 'Qifeng', 'Ye', '6623253830', 'QYe@yahoo.com', '1969-01-02', 'F'),
(314, 'Zhan', 'Zhang', '6623258875', 'ZZhang@yahoo.com', '1956-01-30', 'M'),
(315, 'Patrick', 'Zollner', '1560116170', 'PZollner@yahoo.com', '1967-06-11', 'M'),
(320, 'Michael', 'Johnson', '5019676722', 'MJohnson@yahoo.com', '1967-10-18', 'M'),
(321, 'Jeanne', 'Hartley', '6017932659', 'JHartley@yahoo.com', '1953-12-04', 'F'),
(322, 'Galen', 'Jons', '6056542540', 'GJons@yahoo.com', '1968-05-01', 'M'),
(323, 'Raymond', 'Kagel Jr', '8032771974', 'RKagel Jr@yahoo.com', '1950-01-14', 'M'),
(324, 'Randall', 'Kelly', '3046231868', 'RKelly@yahoo.com', '1963-09-10', 'M');

INSERT INTO address (addressID, alumniID, address, city, state, zipCode, activeYN, primaryYN)
VALUES (100, 201, '123 Peachtree St NW', 'Atlanta', 'GA', '30303', 'Y', 'Y'),
	(101, 202, '456 Magnolia Ave', 'Savannah', 'GA', '31401', 'Y', 'Y'),
	(102, 203, '789 River Rd', 'Augusta', 'GA', '30901', 'Y', 'Y'),
	(103, 204, '101 Dogwood Dr', 'Macon', 'GA', '31201', 'Y', 'Y'),
	(104, 205, '234 Oak St', 'Athens', 'GA', '30601', 'Y', 'Y'),
	(105, 207, '567 Maple Ave', 'Columbus', 'GA', '31901', 'Y', 'Y'),
	(106, 208, '890 Pine St', 'Albany', 'GA', '31701', 'Y', 'Y'),
	(107, 209, '111 Cedar Ln', 'Valdosta', 'GA', '31601', 'Y', 'Y'),
	(108, 210, '222 Elm St', 'Gainesville', 'GA', '30501', 'Y', 'Y'),
	(109, 211, '333 Walnut Ave', 'Rome', 'GA', '30161', 'Y', 'Y'),
	(110, 212, '444 Cherry St', 'Dalton', 'GA', '30720', 'Y', 'Y'),
	(111, 213, '555 Birch Dr', 'Warner Robins', 'GA', '31088', 'Y', 'Y'),
	(112, 214, '666 Willow Rd', 'Johns Creek', 'GA', '30005', 'Y', 'Y'),
	(113, 215, '777 Spruce St', 'Sandy Springs', 'GA', '30328', 'Y', 'Y'),
	(114, 216, '888 Sycamore Dr', 'Roswell', 'GA', '30075', 'Y', 'Y'),
	(115, 217, '999 Hickory Ave', 'Alpharetta', 'GA', '30004', 'Y', 'Y'),
	(116, 218, '1212 Cedarwood Ln', 'Marietta', 'GA', '30008', 'Y', 'Y'),
	(117, 219, '1313 Birchwood Dr', 'Smyrna', 'GA', '30080', 'Y', 'Y'),
	(118, 220, '1414 Oakwood Ave', 'Brookhaven', 'GA', '30319', 'Y', 'Y'),
	(119, 229, '1515 Elmwood Dr', 'Dunwoody', 'GA', '30338', 'Y', 'Y'),
	(120, 231, '1616 Maplewood St', 'Peachtree Corners', 'GA', '30092', 'Y', 'Y'),
	(121, 233, '1717 Pinecrest Ave', 'East Point', 'GA', '30344', 'Y', 'Y'),
	(122, 234, '1818 Dogwood Rd', 'Mableton', 'GA', '30126', 'Y', 'Y'),
	(123, 235, '1919 Birchwood Dr', 'Milton', 'GA', '30004', 'Y', 'Y'),
	(124, 236, '2020 Sycamore Ln', 'Lawrenceville', 'GA', '30043', 'Y', 'Y'),
	(125, 237, '2121 Cedarwood Ave', 'Tucker', 'GA', '30084', 'Y', 'Y'),
	(126, 238, '2222 Oakwood Dr', 'Duluth', 'GA', '30096', 'Y', 'Y'),
	(127, 239, '2323 Maple St', 'Kennesaw', 'GA', '30144', 'Y', 'Y'),
	(128, 240, '2424 Willow Ave', 'Decatur', 'GA', '30030', 'Y', 'Y'),
	(129, 241, '2525 Hickory St', 'Woodstock', 'GA', '30188', 'Y', 'Y'),
	(130, 242, '2626 Elmwood Ln', 'Canton', 'GA', '30114', 'Y', 'Y'),
	(131, 243, '2727 Birchwood Dr', 'Acworth', 'GA', '30101', 'Y', 'Y'),
	(132, 245, '2828 Pinecrest St', 'Cartersville', 'GA', '30120', 'Y', 'Y'),
	(133, 246, '2929 Dogwood Rd', 'Union City', 'GA', '30291', 'Y', 'Y'),
	(134, 247, '3030 Cedar Ln', 'Suwanee', 'GA', '30024', 'Y', 'Y'),
	(135, 248, '3131 Oakwood Ave', 'Forest Park', 'GA', '30297', 'Y', 'Y'),
	(136, 249, '3232 Sycamore Dr', 'Lithia Springs', 'GA', '30122', 'Y', 'Y'),
	(137, 250, '3333 Maplewood Rd', 'Buford', 'GA', '30518', 'Y', 'Y'),
	(138, 251, '3434 Willow St', 'Snellville', 'GA', '30039', 'Y', 'Y'),
	(139, 252, '3535 Hickory Ave', 'Stockbridge', 'GA', '30281', 'Y', 'Y'),
	(140, 253, '3636 Elmwood Dr', 'Conyers', 'GA', '30012', 'Y', 'Y'),
	(141, 254, '3737 Pinecrest Ave', 'Fayetteville', 'GA', '30214', 'Y', 'Y'),
	(142, 255, '3838 Birchwood Ln', 'Covington', 'GA', '30014', 'Y', 'Y'),
	(143, 256, '3939 Cedarwood Ave', 'Loganville', 'GA', '30052', 'Y', 'Y'),
	(144, 257, '4040 Oakwood Rd', 'McDonough', 'GA', '30252', 'Y', 'Y'),
	(145, 258, '4141 Maple Ave', 'Sugar Hill', 'GA', '30518', 'Y', 'Y'),
	(146, 259, '4242 Willow Dr', 'Norcross', 'GA', '30071', 'Y', 'Y'),
	(147, 260, '4343 Sycamore St', 'Fairburn', 'GA', '30213', 'Y', 'Y'),
	(148, 261, '4444 Cedar Ln', 'Hampton', 'GA', '30228', 'Y', 'Y'),
	(149, 262, '4545 Elmwood Ave', 'Doraville', 'GA', '30340', 'Y', 'Y'),
	(150, 263, '4646 Pinecrest Dr', 'Braselton', 'GA', '30517', 'Y', 'Y'),
	(151, 264, '4747 Birchwood Rd', 'Villa Rica', 'GA', '30180', 'Y', 'Y'),
	(152, 265, '4848 Dogwood Ave', 'Buford', 'GA', '30518', 'Y', 'Y'),
	(153, 266, '4949 Hickory St', 'Lithonia', 'GA', '30038', 'Y', 'Y'),
	(154, 268, '5050 Oakwood Dr', 'Dacula', 'GA', '30019', 'Y', 'Y'),
	(155, 269, '5151 Maplewood Ave', 'Holly Springs', 'GA', '30115', 'Y', 'Y'),
	(156, 270, '5252 Willow Rd', 'Austell', 'GA', '30106', 'Y', 'Y'),
	(157, 274, '5353 Sycamore Ln', 'Jefferson', 'GA', '30549', 'Y', 'Y'),
	(158, 275, '5454 Cedarwood St', 'Palmetto', 'GA', '30268', 'Y', 'Y'),
	(159, 276, '5555 Elmwood Ave', 'Flowery Branch', 'GA', '30542', 'Y', 'Y'),
	(160, 277, '5656 Pinecrest Dr', 'Dallas', 'GA', '30132', 'Y', 'Y'),
	(161, 278, '5757 Birchwood Rd', 'Loganville', 'GA', '30052', 'Y', 'Y'),
	(162, 279, '5858 Dogwood Ave', 'Grayson', 'GA', '30017', 'Y', 'Y'),
	(163, 280, '5959 Hickory St', 'Braselton', 'GA', '30517', 'Y', 'Y'),
	(164, 282, '6060 Oakwood Dr', 'Buford', 'GA', '30518', 'Y', 'Y'),
	(165, 283, '6161 Maplewood Ave', 'Cumming', 'GA', '30041', 'Y', 'Y'),
	(166, 284, '6262 Willow Rd', 'Gainesville', 'GA', '30506', 'Y', 'Y'),
	(167, 285, '6363 Sycamore Ln', 'Jefferson', 'GA', '30549', 'Y', 'Y'),
	(168, 286, '6464 Cedarwood St', 'Dacula', 'GA', '30019', 'Y', 'Y'),
	(169, 288, '6565 Elmwood Ave', 'Flowery Branch', 'GA', '30542', 'Y', 'Y'),
	(170, 289, '6666 Pinecrest Dr', 'Dallas', 'GA', '30132', 'Y', 'Y'),
	(171, 290, '6767 Birchwood Rd', 'Loganville', 'GA', '30052', 'Y', 'Y'),
	(172, 291, '6868 Dogwood Ave', 'Grayson', 'GA', '30017', 'Y', 'Y'),
	(173, 293, '6969 Hickory St', 'Braselton', 'GA', '30517', 'Y', 'Y'),
	(174, 294, '7070 Oakwood Dr', 'Buford', 'GA', '30518', 'Y', 'Y'),
	(175, 295, '7171 Maplewood Ave', 'Cumming', 'GA', '30041', 'Y', 'Y'),
	(176, 296, '7272 Willow Rd', 'Gainesville', 'GA', '30506', 'Y', 'Y'),
	(177, 297, '7373 Sycamore Ln', 'Jefferson', 'GA', '30549', 'Y', 'Y'),
	(178, 299, '7474 Cedarwood St', 'Dacula', 'GA', '30019', 'Y', 'Y'),
	(179, 300, '7575 Elmwood Ave', 'Flowery Branch', 'GA', '30542', 'Y', 'Y'),
	(180, 301, '7676 Pinecrest Dr', 'Dallas', 'GA', '30132', 'Y', 'Y'),
	(181, 303, '7777 Birchwood Rd', 'Loganville', 'GA', '30052', 'Y', 'Y'),
	(182, 304, '7878 Dogwood Ave', 'Grayson', 'GA', '30017', 'Y', 'Y'),
	(183, 305, '7979 Hickory St', 'Braselton', 'GA', '30517', 'Y', 'Y'),
	(184, 306, '8080 Oakwood Dr', 'Buford', 'GA', '30518', 'Y', 'Y'),
	(185, 307, '8181 Maplewood Ave', 'Cumming', 'GA', '30041', 'Y', 'Y'),
	(186, 308, '8282 Willow Rd', 'Gainesville', 'GA', '30506', 'Y', 'Y'),
	(187, 309, '8383 Sycamore Ln', 'Jefferson', 'GA', '30549', 'Y', 'Y'),
	(188, 310, '8484 Cedarwood St', 'Dacula', 'GA', '30019', 'Y', 'Y'),
	(189, 311, '8585 Elmwood Ave', 'Flowery Branch', 'GA', '30542', 'Y', 'Y'),
	(190, 312, '456 Magnolia Ave', 'Savannah', 'GA', '31401', 'Y', 'Y'),
	(191, 313, '789 River Rd', 'Augusta', 'GA', '30901', 'Y', 'Y'),
	(192, 314, '101 Dogwood Dr', 'Macon', 'GA', '31201', 'Y', 'Y'),
	(193, 315, '234 Oak St', 'Athens', 'GA', '30601', 'Y', 'Y'),
	(194, 320, '567 Maple Ave', 'Columbus', 'GA', '31901', 'Y', 'Y'),
	(195, 321, '890 Pine St', 'Albany', 'GA', '31701', 'Y', 'Y'),
	(196, 322, '111 Cedar Ln', 'Valdosta', 'GA', '31601', 'Y', 'Y'),
	(197, 323, '222 Elm St', 'Gainesville', 'GA', '30501', 'Y', 'Y'),
	(198, 324, '333 Walnut Ave', 'Rome', 'GA', '30161', 'Y', 'Y');
    
INSERT INTO degree (degreeID, alumniID, major, minor, graduationDT, university, city, state)
VALUES 
(100, 201, 'MIS', '', '2023-05-09', 'Kennesaw State University', 'Kennesaw', 'GA'),
(101, 202, 'MIS', 'Accounting', '2023-12-09', 'Kennesaw State University', 'Kennesaw', 'GA'),
(102, 203, 'MIS', '', '2020-05-12', 'Kennesaw State University', 'Kennesaw', 'GA'),
(103, 204, 'MIS', '', '2020-05-12', 'Kennesaw State University', 'Kennesaw', 'GA'),
(104, 205, 'MIS', '', '2021-05-11', 'Kennesaw State University', 'Kennesaw', 'GA'),
(105, 207, 'MIS', '', '2020-05-12', 'Kennesaw State University', 'Kennesaw', 'GA'),
(106, 208, 'MIS', '', '2020-12-12', 'Kennesaw State University', 'Kennesaw', 'GA'),
(107, 209, 'MIS', 'Management', '2022-05-10', 'Kennesaw State University', 'Kennesaw', 'GA'),
(108, 210, 'MIS', '', '2022-12-10', 'Kennesaw State University', 'Kennesaw', 'GA'),
(109, 211, 'MIS', '', '2023-12-09', 'Kennesaw State University', 'Kennesaw', 'GA'),
(110, 212, 'MIS', '', '2023-12-09', 'Kennesaw State University', 'Kennesaw', 'GA'),
(111, 213, 'MIS', '', '2022-05-10', 'Kennesaw State University', 'Kennesaw', 'GA'),
(112, 214, 'MIS', '', '2021-05-11', 'Kennesaw State University', 'Kennesaw', 'GA'),
(113, 215, 'MIS', '', '2021-12-11', 'Kennesaw State University', 'Kennesaw', 'GA'),
(114, 216, 'MIS', '', '2023-05-09', 'Kennesaw State University', 'Kennesaw', 'GA'),
(115, 217, 'MIS', '', '2023-12-09', 'Kennesaw State University', 'Kennesaw', 'GA'),
(116, 218, 'MIS', '', '2020-12-12', 'Kennesaw State University', 'Kennesaw', 'GA'),
(117, 218, 'MBA', '', '2023-12-09', 'Georgia State University', 'Atlanta', 'GA'),
(118, 219, 'MIS', '', '2022-05-10', 'Kennesaw State University', 'Kennesaw', 'GA'),
(119, 220, 'MIS', '', '2021-12-11', 'Kennesaw State University', 'Kennesaw', 'GA'),
(120, 229, 'MIS', '', '2021-05-11', 'Kennesaw State University', 'Kennesaw', 'GA'),
(121, 231, 'MIS', 'Marketing', '2021-12-11', 'Kennesaw State University', 'Kennesaw', 'GA'),
(122, 233, 'MIS', 'Marketing', '2021-12-11', 'Kennesaw State University', 'Kennesaw', 'GA'),
(123, 234, 'MIS', '', '2020-05-12', 'Kennesaw State University', 'Kennesaw', 'GA'),
(124, 235, 'MIS', '', '2023-05-09', 'Kennesaw State University', 'Kennesaw', 'GA'),
(125, 236, 'MIS', '', '2023-12-09', 'Kennesaw State University', 'Kennesaw', 'GA'),
(126, 237, 'MIS', '', '2023-12-09', 'Kennesaw State University', 'Kennesaw', 'GA'),
(127, 238, 'MIS', '', '2022-05-10', 'Kennesaw State University', 'Kennesaw', 'GA'),
(128, 239, 'MIS', '', '2022-12-10', 'Kennesaw State University', 'Kennesaw', 'GA'),
(129, 240, 'MIS', '', '2021-05-11', 'Kennesaw State University', 'Kennesaw', 'GA'),
(130, 241, 'MIS', '', '2024-05-08', 'Kennesaw State University', 'Kennesaw', 'GA'),
(131, 242, 'MIS', 'Management', '2021-12-11', 'Kennesaw State University', 'Kennesaw', 'GA'),
(132, 243, 'MIS', '', '2022-12-10', 'Kennesaw State University', 'Kennesaw', 'GA'),
(133, 245, 'MIS', '', '2020-12-12', 'Kennesaw State University', 'Kennesaw', 'GA'),
(134, 246, 'MIS', '', '2023-05-09', 'Kennesaw State University', 'Kennesaw', 'GA'),
(135, 247, 'MIS', '', '2023-05-09', 'Kennesaw State University', 'Kennesaw', 'GA'),
(136, 248, 'MIS', '', '2020-12-12', 'Kennesaw State University', 'Kennesaw', 'GA'),
(137, 249, 'MIS', '', '2024-05-08', 'Kennesaw State University', 'Kennesaw', 'GA'),
(138, 250, 'MIS', '', '2021-05-11', 'Kennesaw State University', 'Kennesaw', 'GA'),
(139, 251, 'MIS', '', '2022-05-10', 'Kennesaw State University', 'Kennesaw', 'GA'),
(140, 252, 'MIS', '', '2021-05-11', 'Kennesaw State University', 'Kennesaw', 'GA'),
(141, 253, 'MIS', '', '2020-05-12', 'Kennesaw State University', 'Kennesaw', 'GA'),
(142, 254, 'MIS', '', '2020-12-12', 'Kennesaw State University', 'Kennesaw', 'GA'),
(143, 255, 'MIS', 'Marketing', '2020-05-12', 'Kennesaw State University', 'Kennesaw', 'GA'),
(144, 256, 'MIS', '', '2023-05-09', 'Kennesaw State University', 'Kennesaw', 'GA'),
(145, 257, 'MIS', '', '2022-05-10', 'Kennesaw State University', 'Kennesaw', 'GA'),
(146, 258, 'MIS', '', '2024-05-08', 'Kennesaw State University', 'Kennesaw', 'GA'),
(147, 259, 'MIS', '', '2023-12-09', 'Kennesaw State University', 'Kennesaw', 'GA'),
(148, 260, 'MIS', '', '2022-12-10', 'Kennesaw State University', 'Kennesaw', 'GA'),
(149, 261, 'MIS', '', '2023-05-09', 'Kennesaw State University', 'Kennesaw', 'GA'),
(150, 262, 'MIS', '', '2024-05-08', 'Kennesaw State University', 'Kennesaw', 'GA'),
(151, 263, 'MIS', '', '2024-05-08', 'Kennesaw State University', 'Kennesaw', 'GA'),
(152, 264, 'MIS', '', '2024-05-08', 'Kennesaw State University', 'Kennesaw', 'GA'),
(153, 265, 'MIS', 'Marketing', '2020-12-12', 'Kennesaw State University', 'Kennesaw', 'GA'),
(154, 266, 'MIS', '', '2024-05-08', 'Kennesaw State University', 'Kennesaw', 'GA'),
(155, 268, 'MIS', '', '2023-05-09', 'Kennesaw State University', 'Kennesaw', 'GA'),
(156, 269, 'MIS', '', '2023-05-09', 'Kennesaw State University', 'Kennesaw', 'GA'),
(157, 270, 'MIS', 'Accounting', '2021-05-11', 'Kennesaw State University', 'Kennesaw', 'GA'),
(158, 274, 'MIS', '', '2022-12-10', 'Kennesaw State University', 'Kennesaw', 'GA'),
(159, 275, 'MIS', '', '2022-05-10', 'Kennesaw State University', 'Kennesaw', 'GA'),
(160, 276, 'MIS', '', '2021-12-11', 'Kennesaw State University', 'Kennesaw', 'GA'),
(161, 277, 'MIS', '', '2020-05-12', 'Kennesaw State University', 'Kennesaw', 'GA'),
(162, 278, 'MIS', '', '2024-05-08', 'Kennesaw State University', 'Kennesaw', 'GA'),
(163, 279, 'MIS', '', '2022-05-10', 'Kennesaw State University', 'Kennesaw', 'GA'),
(164, 280, 'MIS', '', '2023-05-09', 'Kennesaw State University', 'Kennesaw', 'GA'),
(165, 282, 'MIS', '', '2023-05-09', 'Kennesaw State University', 'Kennesaw', 'GA'),
(166, 283, 'MIS', '', '2022-12-10', 'Kennesaw State University', 'Kennesaw', 'GA'),
(167, 284, 'MIS', '', '2022-12-10', 'Kennesaw State University', 'Kennesaw', 'GA'),
(168, 285, 'MIS', '', '2023-05-09', 'Kennesaw State University', 'Kennesaw', 'GA'),
(169, 286, 'MIS', '', '2022-05-10', 'Kennesaw State University', 'Kennesaw', 'GA'),
(170, 288, 'MIS', '', '2021-05-11', 'Kennesaw State University', 'Kennesaw', 'GA'),
(171, 289, 'MIS', '', '2020-05-12', 'Kennesaw State University', 'Kennesaw', 'GA'),
(172, 290, 'MIS', '', '2022-12-10', 'Kennesaw State University', 'Kennesaw', 'GA'),
(173, 291, 'MIS', '', '2020-12-12', 'Kennesaw State University', 'Kennesaw', 'GA'),
(174, 293, 'MIS', '', '2020-12-12', 'Kennesaw State University', 'Kennesaw', 'GA'),
(175, 294, 'MIS', '', '2024-05-08', 'Kennesaw State University', 'Kennesaw', 'GA'),
(176, 295, 'MIS', '', '2022-05-10', 'Kennesaw State University', 'Kennesaw', 'GA'),
(177, 296, 'MIS', '', '2022-05-10', 'Kennesaw State University', 'Kennesaw', 'GA'),
(178, 297, 'MIS', 'Marketing', '2023-05-09', 'Kennesaw State University', 'Kennesaw', 'GA'),
(179, 299, 'MIS', '', '2023-05-09', 'Kennesaw State University', 'Kennesaw', 'GA'),
(180, 300, 'MIS', '', '2021-05-11', 'Kennesaw State University', 'Kennesaw', 'GA'),
(181, 301, 'MIS', '', '2023-12-09', 'Kennesaw State University', 'Kennesaw', 'GA'),
(182, 303, 'MIS', '', '2020-12-12', 'Kennesaw State University', 'Kennesaw', 'GA'),
(183, 304, 'MIS', '', '2024-05-08', 'Kennesaw State University', 'Kennesaw', 'GA'),
(184, 305, 'MIS', '', '2023-12-09', 'Kennesaw State University', 'Kennesaw', 'GA'),
(185, 306, 'MIS', '', '2024-05-08', 'Kennesaw State University', 'Kennesaw', 'GA'),
(186, 307, 'MIS', '', '2023-12-09', 'Kennesaw State University', 'Kennesaw', 'GA'),
(187, 308, 'MIS', '', '2023-05-09', 'Kennesaw State University', 'Kennesaw', 'GA'),
(188, 309, 'MIS', '', '2022-12-10', 'Kennesaw State University', 'Kennesaw', 'GA'),
(189, 310, 'MIS', '', '2021-12-11', 'Kennesaw State University', 'Kennesaw', 'GA'),
(190, 311, 'MIS', '', '2023-05-09', 'Kennesaw State University', 'Kennesaw', 'GA'),
(191, 312, 'MIS', 'Accounting', '2020-12-12', 'Kennesaw State University', 'Kennesaw', 'GA'),
(192, 313, 'MIS', '', '2023-12-09', 'Kennesaw State University', 'Kennesaw', 'GA'),
(193, 314, 'MIS', '', '2020-05-12', 'Kennesaw State University', 'Kennesaw', 'GA'),
(194, 315, 'MIS', '', '2021-12-11', 'Kennesaw State University', 'Kennesaw', 'GA'),
(195, 320, 'MIS', '', '2024-05-08', 'Kennesaw State University', 'Kennesaw', 'GA'),
(196, 321, 'MIS', '', '2022-12-10', 'Kennesaw State University', 'Kennesaw', 'GA'),
(197, 322, 'MIS', '', '2023-12-09', 'Kennesaw State University', 'Kennesaw', 'GA'),
(198, 323, 'MIS', 'Marketing', '2022-05-10', 'Kennesaw State University', 'Kennesaw', 'GA'),
(199, 324, 'MIS', '', '2023-05-09', 'Kennesaw State University', 'Kennesaw', 'GA');

INSERT INTO donations (donationID, alumniID, donationAmt, donationDT, reason, description)
VALUES 
(100, 211, 500, '2023-01-08', '', ''),
(101, 220, 250, '2023-05-10', '', ''),
(102, 260, 1000, '2022-03-22', '', ''),
(103, 279, 500, '2022-06-24', '', ''),
(104, 297, 10000, '2022-11-03', '', ''),
(105, 306, 2500, '2023-07-06', '', ''),
(106, 320, 5000, '2023-02-05', '', ''),
(107, 323, 750, '2023-10-19', '', '');


INSERT INTO employment (EID, alumniID, company, city, state, zip, jobTitle, startDate, endDate, currentYN, notes)
VALUES 
(100, 201, 'Tech Solutions Inc', 'Atlanta', 'GA', '30303', 'Software Engineer', '2021-06-14', NULL, 'Y', ''),
(101, 202, 'Data Dynamics', 'Savannah', 'GA', '31401', 'Data Analyst', '2016-11-11', NULL, 'Y', ''),
(102, 203, 'Healthcare Innovations', 'Augusta', 'GA', '30901', 'Medical Assistant', '2020-07-05', NULL, 'Y', ''),
(103, 204, 'Consulting Experts LLC', 'Macon', 'GA', '31201', 'Management Consultant', '2024-05-24', NULL, 'Y', ''),
(104, 205, 'Innovative Designs Co', 'Athens', 'GA', '30601', 'Graphic Designer', '2023-06-03', NULL, 'Y', ''),
(105, 207, 'Logistics Solutions', 'Columbus', 'GA', '31901', 'Logistics Coordinator', '2018-12-26', NULL, 'Y', ''),
(106, 208, 'Global Services Corp', 'Albany', 'GA', '31701', 'Financial Analyst', '2015-05-06', NULL, 'Y', ''),
(107, 209, 'Education Solutions', 'Valdosta', 'GA', '31601', 'Teacher', '2019-09-28', NULL, 'Y', ''),
(108, 210, 'Manufacturing Inc', 'Gainesville', 'GA', '30501', 'Production Supervisor', '2022-03-28', NULL, 'Y', ''),
(109, 211, 'Financial Strategies', 'Rome', 'GA', '30161', 'Financial Advisor', '2023-07-04', NULL, 'Y', ''),
(110, 212, 'Creative Minds Agency', 'Dalton', 'GA', '30720', 'Marketing Manager', '2015-11-15', NULL, 'Y', ''),
(111, 213, 'Technology Partners', 'Warner Robins', 'GA', '31088', 'IT Specialist', '2016-07-08', NULL, 'Y', ''),
(112, 214, 'Real Estate Group', 'Johns Creek', 'GA', '30005', 'Real Estate Agent', '2022-10-16', NULL, 'Y', ''),
(113, 215, 'Healthcare Solutions', 'Sandy Springs', 'GA', '30328', 'Nurse Practitioner', '2016-08-15', NULL, 'Y', ''),
(114, 216, 'Retail Innovations', 'Roswell', 'GA', '30075', 'Store Manager', '2021-10-04', NULL, 'Y', ''),
(115, 217, 'Engineering Solutions', 'Alpharetta', 'GA', '30004', 'Mechanical Engineer', '2018-04-07', NULL, 'Y', ''),
(116, 218, 'Legal Services Group', 'Marietta', 'GA', '30008', 'Attorney', '2018-04-10', NULL, 'Y', ''),
(117, 219, 'Hospitality Solutions', 'Smyrna', 'GA', '30080', 'Hotel Manager', '2021-03-06', NULL, 'Y', ''),
(118, 220, 'Construction Co', 'Brookhaven', 'GA', '30319', 'Construction Manager', '2021-10-01', NULL, 'Y', ''),
(119, 229, 'Media Productions', 'Dunwoody', 'GA', '30338', 'Videographer', '2019-06-21', NULL, 'Y', ''),
(120, 231, 'Unemployed', '', '', '', '', '2015-09-17', NULL, 'Y', ''),
(121, 233, 'Tech Solutions Inc', 'Atlanta', 'GA', '30303', 'Software Engineer', '2022-06-29', NULL, 'Y', ''),
(122, 234, 'Data Dynamics', 'Savannah', 'GA', '31401', 'Data Analyst', '2021-03-15', NULL, 'Y', ''),
(123, 235, 'Healthcare Innovations', 'Augusta', 'GA', '30901', 'Medical Assistant', '2018-08-01', NULL, 'Y', ''),
(124, 236, 'Consulting Experts LLC', 'Macon', 'GA', '31201', 'Management Consultant', '2022-08-09', NULL, 'Y', ''),
(125, 237, 'Innovative Designs Co', 'Athens', 'GA', '30601', 'Graphic Designer', '2017-10-06', NULL, 'Y', ''),
(126, 238, 'Logistics Solutions', 'Columbus', 'GA', '31901', 'Logistics Coordinator', '2023-10-13', NULL, 'Y', ''),
(127, 239, 'Global Services Corp', 'Albany', 'GA', '31701', 'Financial Analyst', '2021-06-11', NULL, 'Y', ''),
(128, 240, 'Education Solutions', 'Valdosta', 'GA', '31601', 'Teacher', '2021-01-12', NULL, 'Y', ''),
(129, 241, 'Manufacturing Inc', 'Gainesville', 'GA', '30501', 'Production Supervisor', '2023-01-29', NULL, 'Y', ''),
(130, 242, 'Financial Strategies', 'Rome', 'GA', '30161', 'Financial Advisor', '2020-06-22', NULL, 'Y', ''),
(131, 243, 'Creative Minds Agency', 'Dalton', 'GA', '30720', 'Marketing Manager', '2016-04-01', NULL, 'Y', ''),
(132, 245, 'Technology Partners', 'Warner Robins', 'GA', '31088', 'IT Specialist', '2019-01-06', NULL, 'Y', ''),
(133, 246, 'Real Estate Group', 'Johns Creek', 'GA', '30005', 'Real Estate Agent', '2020-09-29', NULL, 'Y', ''),
(134, 247, 'Healthcare Solutions', 'Sandy Springs', 'GA', '30328', 'Nurse Practitioner', '2019-01-13', NULL, 'Y', ''),
(135, 248, 'Retail Innovations', 'Roswell', 'GA', '30075', 'Store Manager', '2020-06-09', NULL, 'Y', ''),
(136, 249, 'Engineering Solutions', 'Alpharetta', 'GA', '30004', 'Mechanical Engineer', '2018-08-22', NULL, 'Y', ''),
(137, 250, 'Legal Services Group', 'Marietta', 'GA', '30008', 'Attorney', '2022-09-11', NULL, 'Y', ''),
(138, 251, 'Hospitality Solutions', 'Smyrna', 'GA', '30080', 'Hotel Manager', '2017-08-30', NULL, 'Y', ''),
(139, 252, 'Construction Co', 'Brookhaven', 'GA', '30319', 'Construction Manager', '2020-05-18', NULL, 'Y', ''),
(140, 253, 'Media Productions', 'Dunwoody', 'GA', '30338', 'Videographer', '2020-11-07', NULL, 'Y', ''),
(141, 254, 'Tech Solutions Inc', 'Atlanta', 'GA', '30303', 'Software Engineer', '2020-08-29', NULL, 'Y', ''),
(142, 255, 'Data Dynamics', 'Savannah', 'GA', '31401', 'Data Analyst', '2015-06-04', NULL, 'Y', ''),
(143, 256, 'Healthcare Innovations', 'Augusta', 'GA', '30901', 'Medical Assistant', '2015-01-13', NULL, 'Y', ''),
(144, 257, 'Consulting Experts LLC', 'Macon', 'GA', '31201', 'Management Consultant', '2020-12-02', NULL, 'Y', ''),
(145, 258, 'Innovative Designs Co', 'Athens', 'GA', '30601', 'Graphic Designer', '2015-08-31', NULL, 'Y', ''),
(146, 259, 'Logistics Solutions', 'Columbus', 'GA', '31901', 'Logistics Coordinator', '2015-03-13', NULL, 'Y', ''),
(147, 260, 'Global Services Corp', 'Albany', 'GA', '31701', 'Financial Analyst', '2019-04-26', NULL, 'Y', ''),
(148, 261, 'Education Solutions', 'Valdosta', 'GA', '31601', 'Teacher', '2022-08-04', NULL, 'Y', ''),
(149, 262, 'Manufacturing Inc', 'Gainesville', 'GA', '30501', 'Production Supervisor', '2019-04-03', NULL, 'Y', ''),
(150, 263, 'Financial Strategies', 'Rome', 'GA', '30161', 'Financial Advisor', '2022-04-22', NULL, 'Y', ''),
(151, 264, 'Creative Minds Agency', 'Dalton', 'GA', '30720', 'Marketing Manager', '2018-11-13', NULL, 'Y', ''),
(152, 265, 'Technology Partners', 'Warner Robins', 'GA', '31088', 'IT Specialist', '2018-03-11', NULL, 'Y', ''),
(153, 266, 'Real Estate Group', 'Johns Creek', 'GA', '30005', 'Real Estate Agent', '2019-11-29', NULL, 'Y', ''),
(154, 268, 'Healthcare Solutions', 'Sandy Springs', 'GA', '30328', 'Nurse Practitioner', '2024-07-01', NULL, 'Y', ''),
(155, 269, 'Retail Innovations', 'Roswell', 'GA', '30075', 'Store Manager', '2019-05-20', NULL, 'Y', ''),
(156, 270, 'Engineering Solutions', 'Alpharetta', 'GA', '30004', 'Mechanical Engineer', '2015-12-28', NULL, 'Y', ''),
(157, 274, 'Legal Services Group', 'Marietta', 'GA', '30008', 'Attorney', '2021-04-09', NULL, 'Y', ''),
(158, 275, 'Hospitality Solutions', 'Smyrna', 'GA', '30080', 'Hotel Manager', '2018-05-12', NULL, 'Y', ''),
(159, 276, 'Construction Co', 'Brookhaven', 'GA', '30319', 'Construction Manager', '2019-07-26', NULL, 'Y', ''),
(160, 277, 'Media Productions', 'Dunwoody', 'GA', '30338', 'Videographer', '2016-09-29', NULL, 'Y', ''),
(161, 278, 'Tech Solutions Inc', 'Atlanta', 'GA', '30303', 'Software Engineer', '2020-07-01', NULL, 'Y', ''),
(162, 279, 'Data Dynamics', 'Savannah', 'GA', '31401', 'Data Analyst', '2020-01-04', NULL, 'Y', ''),
(163, 280, 'Healthcare Innovations', 'Augusta', 'GA', '30901', 'Medical Assistant', '2022-02-28', NULL, 'Y', ''),
(164, 282, 'Consulting Experts LLC', 'Macon', 'GA', '31201', 'Management Consultant', '2024-06-06', NULL, 'Y', ''),
(165, 283, 'Innovative Designs Co', 'Athens', 'GA', '30601', 'Graphic Designer', '2023-11-25', NULL, 'Y', ''),
(166, 284, 'Logistics Solutions', 'Columbus', 'GA', '31901', 'Logistics Coordinator', '2023-08-15', NULL, 'Y', ''),
(167, 285, 'Global Services Corp', 'Albany', 'GA', '31701', 'Financial Analyst', '2022-06-12', NULL, 'Y', ''),
(168, 286, 'Education Solutions', 'Valdosta', 'GA', '31601', 'Teacher', '2017-10-18', NULL, 'Y', ''),
(169, 288, 'Manufacturing Inc', 'Gainesville', 'GA', '30501', 'Production Supervisor', '2017-06-27', NULL, 'Y', ''),
(170, 289, 'Financial Strategies', 'Rome', 'GA', '30161', 'Financial Advisor', '2022-02-19', NULL, 'Y', ''),
(171, 290, 'Creative Minds Agency', 'Dalton', 'GA', '30720', 'Marketing Manager', '2022-10-21', NULL, 'Y', ''),
(172, 291, 'Technology Partners', 'Warner Robins', 'GA', '31088', 'IT Specialist', '2017-05-19', NULL, 'Y', ''),
(173, 293, 'Unemployed', '', '', '', '', '2023-03-27', NULL, 'Y', ''),
(174, 294, 'Real Estate Group', 'Johns Creek', 'GA', '30005', 'Real Estate Agent', '2021-04-04', NULL, 'Y', ''),
(175, 295, 'Healthcare Solutions', 'Sandy Springs', 'GA', '30328', 'Nurse Practitioner', '2022-01-01', NULL, 'Y', ''),
(176, 296, 'Retail Innovations', 'Roswell', 'GA', '30075', 'Store Manager', '2018-05-11', NULL, 'Y', ''),
(177, 297, 'Engineering Solutions', 'Alpharetta', 'GA', '30004', 'Mechanical Engineer', '2020-05-14', NULL, 'Y', ''),
(178, 299, 'Legal Services Group', 'Marietta', 'GA', '30008', 'Attorney', '2016-05-05', NULL, 'Y', ''),
(179, 300, 'Hospitality Solutions', 'Smyrna', 'GA', '30080', 'Hotel Manager', '2016-12-04', NULL, 'Y', ''),
(180, 301, 'Construction Co', 'Brookhaven', 'GA', '30319', 'Construction Manager', '2015-03-27', NULL, 'Y', ''),
(181, 303, 'Media Productions', 'Dunwoody', 'GA', '30338', 'Videographer', '2020-12-09', NULL, 'Y', ''),
(182, 304, 'Tech Innovations Group', 'Macon', 'GA', '31201', 'Systems Administrator', '2020-06-01', NULL, 'Y', ''),
(183, 305, 'Digital Solutions Co', 'Athens', 'GA', '30601', 'Network Engineer', '2016-02-29', NULL, 'Y', ''),
(184, 306, 'Cybersecurity Experts', 'Columbus', 'GA', '31901', 'Cybersecurity Analyst', '2020-06-10', NULL, 'Y', ''),
(185, 307, 'Software Solutions Inc', 'Albany', 'GA', '31701', 'Software Developer', '2016-09-27', NULL, 'Y', ''),
(186, 308, 'Cloud Computing Services', 'Valdosta', 'GA', '31601', 'Cloud Engineer', '2019-04-07', NULL, 'Y', ''),
(187, 309, 'Network Solutions', 'Gainesville', 'GA', '30501', 'Network Administrator', '2016-10-17', NULL, 'Y', ''),
(188, 310, 'IT Consulting Partners', 'Rome', 'GA', '30161', 'IT Consultant', '2017-01-22', NULL, 'Y', ''),
(189, 311, 'Web Development Company', 'Dalton', 'GA', '30720', 'Web Developer', '2021-01-30', NULL, 'Y', ''),
(190, 312, 'Tech Solutions Inc', 'Warner Robins', 'GA', '31088', 'IT Support Specialist', '2016-10-20', NULL, 'Y', ''),
(191, 313, 'Data Analytics Firm', 'Johns Creek', 'GA', '30005', 'Data Scientist', '2023-01-13', NULL, 'Y', ''),
(192, 314, 'Artificial Intelligence Solutions', 'Sandy Springs', 'GA', '30328', 'AI Engineer', '2017-10-06', NULL, 'Y', ''),
(193, 315, 'Tech Innovations Group', 'Roswell', 'GA', '30075', 'Systems Engineer', '2020-09-18', NULL, 'Y', ''),
(194, 320, 'Mobile App Development', 'Alpharetta', 'GA', '30004', 'Mobile App Developer', '2022-01-11', NULL, 'Y', ''),
(195, 321, 'Data Security Solutions', 'Marietta', 'GA', '30008', 'Information Security Analyst', '2019-08-25', NULL, 'Y', ''),
(196, 322, 'IT Infrastructure Services', 'Smyrna', 'GA', '30080', 'IT Infrastructure Manager', '2020-01-04', NULL, 'Y', ''),
(197, 323, 'Cloud Computing Solutions', 'Brookhaven', 'GA', '30319', 'Cloud Architect', '2018-06-29',NULL, 'Y', ''),
(198, 324, 'IT Services Company', 'Dunwoody', 'GA', '30338', 'IT Manager', '2015-09-09', NULL, 'Y', '');

INSERT INTO skillset (SID, alumniID, skill, proficiency, description)
VALUES (100, 204, 'Figma', 'Beginner', ''),
	(101, 204, 'Excel', 'Intermediate', ''),
	(102, 207, 'Agile Methodologies', 'Intermediate', ''),
	(103, 208, 'JavaScript', 'Beginner', ''),
	(104, 209, 'Mobile Application Development', 'Intermediate', ''),
	(105, 210, 'Java', 'Beginner', ''),
	(106, 211, 'Data Analytics', 'Intermediate', ''),
	(107, 212, 'Tableau', 'Beginner', ''),
	(108, 213, 'Programming', 'Beginner', ''),
	(109, 214, 'Agile Methodologies', 'Intermediate', ''),
	(110, 215, 'Figma', 'Intermediate', ''),
	(111, 215, 'SQL', 'Advance', ''),
	(112, 215, 'Python', 'Beginner', ''),
	(113, 218, 'Java', 'Beginner', ''),
	(114, 219, 'User Experience 	(UX) Design', 'Beginner', ''),
	(115, 220, 'Project Management', 'Intermediate', ''),
	(116, 229, 'C#', 'Beginner', ''),
	(117, 231, 'Power BI', 'Intermediate', ''),
	(118, 233, 'AWS', 'Intermediate', ''),
	(119, 234, 'React JS', 'Advance', ''),
	(120, 235, 'Project Management', 'Intermediate', ''),
	(121, 236, 'React JS', 'Intermediate', ''),
	(122, 237, 'JavaScript', 'Beginner', ''),
	(123, 238, 'AWS', 'Advance', ''),
	(124, 240, 'Agile Methodologies', 'Advance', ''),
	(125, 241, 'AWS', 'Advance', ''),
	(126, 242, 'Power BI', 'Beginner', ''),
	(127, 243, 'CSS', 'Advance', ''),
	(128, 245, 'C#', 'Intermediate', ''),
	(129, 246, 'Excel', 'Advance', ''),
	(130, 246, 'AWS', 'Beginner', ''),
	(131, 246, 'Network Administration', 'Beginner', ''),
	(132, 246, 'Power BI', 'Advance', ''),
	(133, 250, 'CSS', 'Intermediate', ''),
	(134, 251, 'Figma', 'Intermediate', ''),
	(135, 252, 'MongoDB', 'Intermediate', ''),
	(136, 253, 'SQL', 'Beginner', ''),
	(137, 255, 'Figma', 'Intermediate', ''),
	(138, 256, 'Node JS', 'Beginner', ''),
	(139, 257, 'Project Management', 'Intermediate', ''),
	(140, 258, 'Azure', 'Intermediate', ''),
	(141, 259, 'Excel', 'Advance', ''),
	(142, 260, 'encryption techniques', 'Intermediate', ''),
	(143, 261, 'Systems Analysis and Design', 'Intermediate', ''),
	(144, 262, 'Agile Methodologies', 'Beginner', ''),
	(145, 263, 'Tableau', 'Advance', ''),
	(146, 264, 'Data analysis', 'Advance', ''),
	(147, 265, 'MongoDB', 'Intermediate', ''),
	(148, 266, 'Programming', 'Beginner', ''),
	(149, 268, 'Data analysis', 'Intermediate', ''),
	(150, 269, 'Mobile Application Development', 'Intermediate', ''),
	(151, 270, 'Python', 'Beginner', ''),
	(152, 274, 'Systems Analysis and Design', 'Intermediate', ''),
	(153, 276, 'MySQL', 'Beginner', ''),
	(154, 277, 'AWS', 'Beginner', ''),
	(155, 277, 'MongoDB', 'Advance', ''),
	(156, 279, 'React JS', 'Beginner', ''),
	(157, 279, 'AWS', 'Intermediate', ''),
	(158, 282, 'Figma', 'Advance', ''),
	(159, 283, 'Systems Analysis and Design', 'Advance', ''),
	(160, 284, 'Figma', 'Advance', ''),
	(161, 285, 'Tableau', 'Intermediate', ''),
	(162, 285, 'Systems Analysis and Design', 'Intermediate', ''),
	(163, 288, 'Information Security', 'Beginner', ''),
	(164, 289, 'Power BI', 'Intermediate', ''),
	(165, 290, 'Java', 'Advance', ''),
	(166, 291, 'JavaScript', 'Intermediate', ''),
	(167, 293, 'Google Cloud', 'Advance', ''),
	(168, 294, 'Mobile Application Development', 'Advance', ''),
	(169, 295, 'Data analysis', 'Advance', ''),
	(170, 296, 'Programming', 'Beginner', ''),
	(171, 297, 'Project Management', 'Intermediate', ''),
	(172, 297, 'Web Development', 'Beginner', ''),
	(173, 300, 'User Experience 	(UX) Design', 'Advance', ''),
	(174, 303, 'MongoDB', 'Intermediate', ''),
	(175, 304, 'Systems Analysis and Design', 'Advance', ''),
	(176, 305, 'Figma', 'Intermediate', ''),
	(177, 306, 'Business Intelligence', 'Advance', ''),
	(178, 308, 'Business Intelligence', 'Advance', ''),
	(179, 309, 'Power BI', 'Intermediate', ''),
	(180, 310, 'MongoDB', 'Intermediate', ''),
	(181, 310, 'Web Development', 'Intermediate', ''),
	(182, 310, 'Python', 'Intermediate', ''),
	(183, 313, 'Data analysis', 'Beginner', ''),
	(184, 314, 'Web Development', 'Intermediate', ''),
	(185, 320, 'Database Management', 'Intermediate', ''),
	(186, 321, 'encryption techniques', 'Advance', ''),
	(187, 322, 'Business Intelligence', 'Beginner', ''),
	(188, 323, 'JavaScript', 'Beginner', ''),
	(189, 323, 'Azure', 'Beginner', '');
    
    ALTER TABLE skillset MODIFY Column proficiency VARCHAR(12);
    ALTER TABLE employment MODIFY COLUMN jobTitle VARCHAR(50);
    
SELECT *
FROM ALUMNI;
SELECT *
FROM ADDRESS;
SELECT *
FROM DEGREE;
SELECT *
FROM DONATIONS;
SELECT *
FROM EMPLOYMENT;
